,runtime,num_features,features_per_second,speedup,speedup_per_feature,mae,rmse,rsquared
getML: FastProp,0 days 00:00:40.902519,226,5.525319777882145,1.0,1.0,44.19966335713884,63.49473038963061,0.5450498098925585
featuretools,0 days 00:16:30.035671,133,0.13433859801821013,24.20476037184898,41.12980081222201,45.30842788108859,64.27173878794457,0.5372962409295228
tsfresh,0 days 00:05:03.780463,55,0.1810518059827121,7.426937763906423,30.517893748100672,46.69799805395998,65.91633659927666,0.510495033521321
