,runtime,num_features,features_per_second,normalized_runtime,normalized_runtime_per_feature,mae,rmse,rsquared
getML: FastProp,0 days 00:00:49.338287,226,4.580621223850378,1.0,1.0,44.19966335713884,63.49473038963061,0.5450498098925585
featuretools,0 days 00:11:32.371336,133,0.19209343424641745,14.033145009675751,23.8457979671203,46.605664919374064,64.02931736503233,0.548864507325146
tsfresh,0 days 00:02:32.152658,55,0.3614790566264172,3.0838658423629504,12.671885521114374,46.69799805395998,65.91633659927666,0.510495033521321
