,runtime,num_features,features_per_second,normalized_runtime,normalized_runtime_per_feature,mae,rmse,rsquared
getML: FastProp,0 days 00:00:28.106770,289,10.282247699347078,1.0,1.0,44.19966335713884,63.49473038963061,0.5450498098925585
featuretools,0 days 00:12:00.748954,114,0.15816881009129663,25.643250860913582,65.0080612821963,46.605664919374064,64.02931736503233,0.548864507325146
tsfresh,0 days 00:03:54.238906,72,0.30737849789046134,8.333896281927807,33.45142152074443,46.69799805395998,65.91633659927666,0.510495033521321
