,runtime,num_features,features_per_second,speedup,speedup_per_feature,mae,rmse,rsquared
getML: FastProp,0 days 00:00:29.976743,226,7.539203860072376,1.0,1.0,44.19966335713884,63.49473038963061,0.5450498098925585
featuretools,0 days 00:14:51.929698,133,0.14911489869581127,29.754056269555367,50.559695416164054,45.30842788108859,64.27173878794457,0.5372962409295228
tsfresh,0 days 00:04:42.325065,55,0.1948108999815514,9.418136753549243,38.700113088057904,46.69799805395998,65.91633659927666,0.510495033521321
