,runtime,num_features,features_per_second,speedup,speedup_per_feature,mae,rmse,rsquared
getML: FastProp,0 days 00:00:39.217872,226,5.76269232985651,1.0,1.0,44.19966335713884,63.49473038963061,0.5450498098925585
featuretools,0 days 00:14:19.130255,133,0.15480772416235863,21.90660051621363,37.22483720394168,45.30842788108859,64.27173878794457,0.5372962409295228
tsfresh,0 days 00:04:31.652908,55,0.20246423266865676,6.926763083932754,28.462767244856796,46.69799805395998,65.91633659927666,0.510495033521321
