,runtime,num_features,features_per_second,normalized_runtime,normalized_runtime_per_feature,mae,rmse,rsquared
getML: FastProp,0 days 00:00:31.293262,289,9.235230557530869,1.0,1.0,44.19967145096795,63.49476875160757,0.5450488898720095
featuretools,0 days 00:12:10.175585,114,0.15612683056757254,23.33331645003963,59.15210424728253,46.6056648945646,64.02931737674268,0.5488645070483237
tsfresh,0 days 00:01:57.594102,72,0.6122757616557406,3.7578090133268947,15.08344954331785,47.11059400765295,66.59998183642728,0.5015240507138585
