,runtime,num_features,features_per_second,normalized_runtime,normalized_runtime_per_feature,rsquared,rmse,mae
getML: FastProp,0 days 00:01:42.888301,486,4.72357631409893,1.0,1.0,0.6747398578651629,7.824273430506175,5.61513777741397
featuretools,0 days 00:05:25.603717,77,0.23648377011885674,3.164633042195925,19.97420927332502,0.6500414424623089,8.671104533542858,6.284555440537574
tsfresh,0 days 00:01:52.484393,11,0.09779134339293324,1.093267085827377,48.302601745833805,0.5778110806154584,8.913407814940111,6.788610072421434
