,runtime,num_features,features_per_second,normalized_runtime,normalized_runtime_per_feature,rsquared,rmse,mae
getML: FastProp,0 days 00:01:13.896472,526,7.118045669381015,1.0,1.0,0.6747398578651629,7.824273430506175,5.61513777741397
featuretools,0 days 00:05:49.766054,59,0.1686841857563748,4.733190158252751,42.19746882295997,0.6542807198374502,8.5391689329569,6.182075786582394
tsfresh,0 days 00:02:07.423550,12,0.09417411607468346,1.7243522803091331,75.58388616821365,0.5778110806154584,8.913407814940111,6.788610072421434
