,runtime,num_features,features_per_second,speedup,speedup_per_feature,rsquared,rmse,mae
getML: FastProp,0 days 00:01:48.101488,486,4.495776218242961,1.0,1.0,0.6747398578651629,7.824273430506175,5.61513777741397
featuretools,0 days 00:09:46.535468,77,0.1312793540635686,5.425785332390614,34.24587400137571,0.6619916401552334,8.166276483402674,5.83255012551183
tsfresh,0 days 00:02:51.248142,11,0.06423427318566602,1.5841423200391098,69.99030261069726,0.5778110806154584,8.913407814940111,6.788610072421434
