,runtime,num_features,features_per_second,speedup,speedup_per_feature,rsquared,rmse,mae
getML: FastProp,0 days 00:03:00.892329,486,2.686684255492926,1.0,1.0,0.6604736877611286,7.994006006006404,5.815398532034728
featuretools,0 days 00:09:03.091081,77,0.14178100477646027,3.0022891739096353,18.949536009629078,0.6620798550709001,8.165048878054934,5.831166129877867
tsfresh,0 days 00:02:07.847436,11,0.08604005302132228,0.7067598538133698,31.225971639361,0.5778540219037613,8.913239693534853,6.788136836694591
