,runtime,num_features,features_per_second,speedup,speedup_per_feature,rsquared,rmse,mae
getML: FastProp,0 days 00:01:48.027414,486,4.498850543686088,1.0,1.0,0.6747398578651629,7.824273430506175,5.61513777741397
featuretools,0 days 00:08:33.782170,77,0.1498689545861099,4.756035074578384,30.01856225734325,0.6619916401552334,8.166276483402674,5.83255012551183
tsfresh,0 days 00:02:29.715367,11,0.07347275130766803,1.3859016101227786,61.23155133863298,0.5778110806154584,8.913407814940111,6.788610072421434
