,runtime,num_features,features_per_second,speedup,speedup_per_feature,rsquared,rmse,mae
getML: FastProp,0 days 00:01:21.071898,486,5.994664748373948,1.0,1.0,0.6747398578651629,7.824273430506175,5.61513777741397
featuretools,0 days 00:09:21.072857,77,0.13723708804857093,6.920682392313055,43.68108383538651,0.6619916401552334,8.166276483402674,5.83255012551183
tsfresh,0 days 00:02:27.891973,11,0.07437861317356807,1.8242076064384234,80.59661900908192,0.5778110806154584,8.913407814940111,6.788610072421434
