,runtime,num_features,features_per_second,speedup,speedup_per_feature,rsquared,rmse,mae
getML: FastProp,0 days 00:00:33.821094,607,17.947521447288132,1.0,1.0,0.9819139330635651,269.7428380443557,188.88020375448284
featuretools,0 days 00:04:30.939002,77,0.2841968370028829,8.010947309983527,63.15172834631537,0.9692008372685725,349.607098422829,241.08728443953012
