,runtime,num_features,features_per_second,speedup,speedup_per_feature,rsquared,rmse,mae
getML: FastProp,0 days 00:00:36.999112,607,16.405814220559765,1.0,1.0,0.9819139330635651,269.7428380443557,188.88020375448284
featuretools,0 days 00:04:36.108291,77,0.2788760847582507,7.462565344811519,58.828329559996064,0.9692008372685725,349.607098422829,241.08728443953012
