,runtime,num_features,features_per_second,speedup,speedup_per_feature,rsquared,rmse,mae
getML: FastProp,0 days 00:00:55.543907,607,10.928245142395033,1.0,1.0,0.9799164654201906,282.1260025591987,190.5532286236395
featuretools,0 days 00:04:06.735820,77,0.3120747006969564,4.442176168846027,35.01804253273009,0.9692008372685725,349.607098422829,241.08728443953012
