,runtime,num_features,features_per_second,normalized_runtime,normalized_runtime_per_feature,rsquared,rmse,mae
getML: FastProp,0 days 00:00:25.596076,461,18.010554184752262,1.0,1.0,0.9822506500627604,266.3326622281856,185.2662448310852
featuretools,0 days 00:02:59.173175,59,0.32929041537680864,7.000025121038084,54.695045296543775,0.9723894227937793,330.5634174865821,209.5696404838562
