,runtime,num_features,features_per_second,normalized_runtime,normalized_runtime_per_feature,rsquared,rmse,mae
getML: FastProp,0 days 00:00:36.898671,607,16.450344634720096,1.0,1.0,0.9822506500627604,266.3326622281856,185.2662448310852
featuretools,0 days 00:02:49.811648,77,0.4534435866299438,4.60210743091533,36.27870173880143,0.9723894227937793,330.5634174865821,209.5696404838562
