,runtime,num_features,features_per_second,speedup,speedup_per_feature,rsquared,rmse,mae
getML: FastProp,0 days 00:00:26.578271,607,22.838350157584618,1.0,1.0,0.9822506500627604,266.3326622281856,185.2662448310852
featuretools,0 days 00:04:38.852938,77,0.2761311921384345,10.491763666643326,82.70833143013749,0.9686649836459494,353.28498919939915,238.86205247243245
