,runtime,num_features,features_per_second,normalized_runtime,normalized_runtime_per_feature,rsquared,rmse,mae
getML: FastProp,0 days 00:00:18.836219,461,24.474412002251647,1.0,1.0,0.9826778318692238,261.9388731680907,180.4867341518402
featuretools,0 days 00:03:00.333020,59,0.3271724578372854,9.57373770181797,74.80584448958614,0.9723894228427081,330.5634172020007,209.56964022954304
