,runtime,num_features,features_per_second,normalized_runtime,normalized_runtime_per_feature,accuracy,auc,cross_entropy
getML: FastProp,0 days 00:00:04.814605,289,60.024009603841534,1.0,1.0,0.9889462048636699,0.9982429566688791,0.04624509649060969
featuretools,0 days 00:03:11.436908,103,0.5380362001516186,39.7617058927991,111.56128451380552,0.9880864652419553,0.9971036393912504,0.05063737013006627
tsfresh,0 days 00:00:34.374999,60,1.7454535299179461,7.139733996869941,34.388775510204084,0.9877180054040776,0.9978609436533588,0.04935860166671465
