,runtime,num_features,features_per_second,speedup,speedup_per_feature,auc
getML: FastProp,0 days 00:00:06.365452,194,30.476654882360112,1.0,1.0,0.9982429566688791
featuretools,0 days 00:04:04.390256,122,0.49920152715731186,38.39322894902043,61.050804583688894,0.9974750058465865
tsfresh,0 days 00:01:00.530619,55,0.9086308114890914,9.509241291898832,33.5412958673656,0.9978609436533588
