,runtime,num_features,features_per_second,speedup,speedup_per_feature,auc
getML: FastProp,0 days 00:00:07.105973,194,27.300772611864915,1.0,1.0,0.9983945606621547
featuretools,0 days 00:03:28.200094,122,0.5859748101148627,29.299308342432486,46.590351906958965,0.9983126310872995
tsfresh,0 days 00:00:49.760695,55,1.105289917545372,7.002657482655788,24.700101012858664,0.9978196273975753
