,runtime,num_features,features_per_second,speedup,speedup_per_feature,auc
getML: FastProp,0 days 00:00:06.235417,194,31.112908745838645,1.0,1.0,0.9983945606621547
featuretools,0 days 00:03:20.180365,122,0.6094502575841514,32.10376547390495,51.05077626707321,0.9983126310872995
tsfresh,0 days 00:00:46.305606,55,1.1877613074876472,7.426224420916837,26.194580131296476,0.9978196273975753
