,runtime,num_features,features_per_second,speedup,speedup_per_feature,auc
getML: FastProp,0 days 00:00:04.108123,194,47.2232716282584,1.0,1.0,0.9985940333566236
featuretools,0 days 00:03:15.063550,122,0.6254370241206043,47.4824025473434,75.50443898753305,0.9979840905475299
tsfresh,0 days 00:00:59.594586,55,0.9229025654845516,14.506524269112683,51.16820929353985,0.9982264330472442
