,runtime,num_features,features_per_second,speedup,speedup_per_feature,mae,rmse,rsquared
getML: FastProp,0 days 00:00:03.929530,123,31.301843678592665,1.0,1.0,0.5592643635356348,0.7332322339265174,0.9949288317621937
featuretools,0 days 00:06:08.647821,177,0.48013305447205534,93.81473636796258,65.19410273265095,0.5595797389139021,0.738466536911335,0.9947740037638316
tsfresh,0 days 00:01:19.589981,110,1.3820840445307478,20.25432583540525,22.648292484427333,0.5938778009380231,0.7857464857135756,0.9939293073252442
