,runtime,num_features,features_per_second,normalized_runtime,normalized_runtime_per_feature,rsquared,rmse,mae
getML: FastProp,0 days 00:00:00.114531,123,1074.1138560687434,1.0,1.0,0.9950591099479417,0.7236032287878661,0.5515132359187062
featuretools,0 days 00:05:54.940933,177,0.4986745231175535,3099.0817595236226,2153.937701396348,0.9946138696917795,0.7528454581646281,0.5713291802643006
tsfresh,0 days 00:01:21.463210,110,1.3503021301016103,711.2765102897905,795.4618689581096,0.9939293073252442,0.7857464857135756,0.5938778009380231
