,runtime,num_features,features_per_second,speedup,speedup_per_feature,mae,rmse,rsquared
getML: FastProp,0 days 00:00:01.502151,123,81.87996397281586,1.0,1.0,0.5515132359187062,0.7236032287878661,0.9950591099479417
featuretools,0 days 00:06:26.545594,177,0.45790208496556345,257.328054236891,178.81544256120526,0.5596021269473865,0.7385054088858543,0.9947734870274679
tsfresh,0 days 00:01:52.781487,110,0.9753376131147797,75.07999328962268,83.95038074183248,0.5938778009380231,0.7857464857135756,0.9939293073252442
