,runtime,num_features,features_per_second,normalized_runtime,normalized_runtime_per_feature,rsquared,rmse,mae
getML: FastProp,0 days 00:00:01.289053,134,103.95010395010395,1.0,1.0,0.9950591099479417,0.7236032287878661,0.5515132359187062
featuretools,0 days 00:05:00.465127,158,0.5258513796762648,233.08981632252514,197.67962577962578,0.9947958083548925,0.7405432809851308,0.562399007235117
tsfresh,0 days 00:01:28.587984,120,1.3545858827768469,68.7233061790322,76.73939708939709,0.9939293073252442,0.7857464857135756,0.5938778009380231
