,runtime,num_features,features_per_second,speedup,speedup_per_feature,mae,rmse,rsquared
getML: FastProp,0 days 00:00:01.670503,123,73.63228039172374,1.0,1.0,0.5515132359187062,0.7236032287878661,0.9950591099479417
featuretools,0 days 00:06:33.073969,177,0.45029690326316657,235.30276150357108,163.51940210588322,0.5596021269473865,0.7385054088858543,0.9947734870274679
tsfresh,0 days 00:01:36.020581,110,1.1455882251859864,57.480041041530605,64.27464840586113,0.5938778009380231,0.7857464857135756,0.9939293073252442
