,runtime,num_features,features_per_second,speedup,speedup_per_feature,mae,rmse,rsquared
getML: FastProp,0 days 00:00:01.825914,123,67.36274840013472,1.0,1.0,0.5300632292176973,0.7036467401751931,0.9950320346677967
featuretools,0 days 00:06:46.193450,177,0.43575301170694036,222.46034041033695,154.58928932300438,0.5596021269473865,0.7385054088858543,0.9947734870274679
tsfresh,0 days 00:01:51.366330,110,0.9877313884243808,60.992100394651665,68.1994610980128,0.5938778009380231,0.7857464857135756,0.9939293073252442
