,runtime,num_features,features_per_second,speedup,speedup_per_feature,mae,rmse,rsquared
getML: FastProp,0 days 00:01:09.954439,226,3.2306733046234166,1.0,1.0,44.58666627075845,63.59667967930198,0.5459943640534056
featuretools,0 days 00:15:55.910872,133,0.13913430634591573,13.664763604208161,23.21981824231988,45.30842788108859,64.27173878794457,0.5372962409295228
tsfresh,0 days 00:03:07.817022,55,0.2928382025005454,2.684847805012059,11.032280887659796,46.69799805395998,65.91633659927666,0.510495033521321
