,runtime,num_features,features_per_second,normalized_runtime,normalized_runtime_per_feature,mae,rmse,rsquared
getML: FastProp,0 days 00:00:13.433118,289,21.514167079021536,1.0,1.0,44.25020198393413,63.41678046742225,0.5461908346025002
featuretools,0 days 00:35:42.350566,114,0.05321257909185177,159.4827474901955,404.30603902669907,43.91507134716814,62.56717509580391,0.5593690691075496
tsfresh,0 days 00:01:21.479423,72,0.8836584165371371,6.065562961629608,24.34670080247843,47.11059400765295,66.59998183642728,0.5015240507138585
