,runtime,num_features,features_per_second,normalized_runtime,normalized_runtime_per_feature,mae,rmse,rsquared
getML: FastProp,0 days 00:00:08.637513,289,33.45824411134903,1.0,1.0,44.2526350869082,63.41911260454679,0.5461637964380341
featuretools,0 days 00:34:01.839960,114,0.055831995273039954,236.3921142578888,599.2664949143469,43.91507134716814,62.56717509580391,0.5593690691075496
tsfresh,0 days 00:01:30.572946,72,0.7949390997155709,10.485998226572857,42.089065845824415,47.11059400765295,66.59998183642728,0.5015240507138585
