,runtime,num_features,features_per_second,normalized_runtime,normalized_runtime_per_feature,mae,rmse,rsquared
getML: FastProp,0 days 00:00:07.285902,289,39.66522549680695,1.0,1.0,44.2526350869082,63.41911260454679,0.5461637964380341
featuretools,0 days 00:29:33.994416,114,0.06426175612599289,243.4831563751475,617.2446551108643,43.91507134716814,62.56717509580391,0.5593690691075496
tsfresh,0 days 00:01:15.804228,72,0.9498155458210015,10.40423382032863,41.76097735115624,47.11059400765295,66.59998183642728,0.5015240507138585
