,runtime,num_features,features_per_second,normalized_runtime,normalized_runtime_per_feature,rsquared,rmse,mae
getML: FastProp,0 days 00:00:12.106112,526,43.449923962633065,1.0,1.0,0.674740264167421,7.824265418275141,5.615102199203448
featuretools,0 days 00:08:51.202688,59,0.11106871988302243,43.87888431892915,391.1985661525092,0.6497682308113026,8.500887091670293,6.08627656339764
tsfresh,0 days 00:00:31.919755,12,0.37594267626072375,2.636664438591019,115.5759287421247,0.5778110797835911,8.913407825293008,6.788610043264059
