,runtime,num_features,features_per_second,normalized_runtime,normalized_runtime_per_feature,rsquared,rmse,mae
getML: FastProp,0 days 00:00:09.406415,526,55.9190292456523,1.0,1.0,0.674739861410577,7.824273388224941,5.615137721839041
featuretools,0 days 00:09:19.754041,59,0.10540343322170759,59.50769139996481,530.523793546944,0.6497682308113026,8.500887091670293,6.08627656339764
tsfresh,0 days 00:00:46.115063,12,0.2602186565327113,4.902512062246881,214.8924677067606,0.5778110797835911,8.913407825293008,6.788610043264059
