,runtime,num_features,features_per_second,normalized_runtime,normalized_runtime_per_feature,rsquared,rmse,mae
getML: FastProp,0 days 00:00:12.036174,526,43.7024735600035,1.0,1.0,0.674739861410577,7.824273388224941,5.615137721839041
featuretools,0 days 00:08:56.482944,59,0.10997554034007297,44.572548053891545,397.38357661043614,0.6497682308113026,8.500887091670293,6.08627656339764
tsfresh,0 days 00:00:32.318518,12,0.3713041315010712,2.685115552500321,117.69993881653701,0.5778110797835911,8.913407825293008,6.788610043264059
