,runtime,num_features,features_per_second,normalized_runtime,normalized_runtime_per_feature,rsquared,rmse,mae
getML: FastProp,0 days 00:00:04.806504,461,95.9140610013428,1.0,1.0,0.9826778318692238,261.9388731680907,180.4867341518402
featuretools,0 days 00:04:27.009351,59,0.22096605475273678,55.551675604555825,434.06694801457894,0.9745821357660296,317.51997565190663,210.1987933667501
