,runtime,num_features,features_per_second,normalized_runtime,normalized_runtime_per_feature,rsquared,rmse,mae
getML: FastProp,0 days 00:00:04.800454,461,96.03380389897244,1.0,1.0,0.9826778318692238,261.9388731680907,180.4867341518402
featuretools,0 days 00:04:33.370925,59,0.21582395326461787,56.946889815005,444.9636031883223,0.9745821357660296,317.51997565190663,210.1987933667501
