,runtime,num_features,features_per_second,normalized_runtime,normalized_runtime_per_feature,rsquared,rmse,mae
getML: FastProp,0 days 00:00:03.963151,461,116.31964638827498,1.0,1.0,0.9826778318692238,261.9388731680907,180.4867341518402
featuretools,0 days 00:04:46.446138,59,0.205972417409695,72.2773717176055,564.7340932883563,0.9745821357660296,317.51997565190663,210.1987933667501
