,runtime,num_features,features_per_second,normalized_runtime,normalized_runtime_per_feature,accuracy,auc,cross_entropy
getML: FastProp,0 days 00:00:01.825967,289,158.27793605571384,1.0,1.0,0.9888233849177106,0.9981659495576908,0.044212831751311917
featuretools,0 days 00:07:20.110459,103,0.234032161167652,241.0287036950832,676.3084836973726,0.988454925079833,0.9972073080154513,0.04923589235646241
tsfresh,0 days 00:00:14.295312,60,4.197183689744182,7.828899426988549,37.7105096549541,0.9877180054040776,0.9978609436533588,0.04935860166671465
