,runtime,num_features,features_per_second,normalized_runtime,normalized_runtime_per_feature,accuracy,auc,cross_entropy
getML: FastProp,0 days 00:00:01.854957,289,155.78750584203146,1.0,1.0,0.9888233849177106,0.9981659495576909,0.0442127968034932
featuretools,0 days 00:07:28.129456,103,0.2298443195470412,241.58482164276583,677.7957625798412,0.988454925079833,0.9972073080154513,0.04923589235646241
tsfresh,0 days 00:00:17.070465,60,3.51483965301503,9.202620330282588,44.32279171210469,0.9877180054040776,0.9978609436533588,0.04935860166671465
