,runtime,num_features,features_per_second,normalized_runtime,normalized_runtime_per_feature,accuracy,auc,cross_entropy
getML: FastProp,0 days 00:00:01.918944,289,150.6024096385542,1.0,1.0,0.9888233849177106,0.9981658593326046,0.044271389667191616
featuretools,0 days 00:08:02.660716,103,0.21340043781233822,251.52412785365283,705.7268072289156,0.9885777450257922,0.9972594581153477,0.0500798548174994
tsfresh,0 days 00:00:20.578092,60,2.915723915933848,10.723654259842913,51.651807228915665,0.9877180054040776,0.9978609436533588,0.049358601666829864
