,runtime,num_features,features_per_second,normalized_runtime,normalized_runtime_per_feature,rsquared,rmse,mae
getML: FastProp,0 days 00:00:00.398347,134,336.3605785401951,1.0,1.0,0.9950578985273825,0.7237156701589754,0.5516075682525006
featuretools,0 days 00:14:21.611109,158,0.18337738975122106,2162.9662304473236,1834.2532795156408,0.9947842730879888,0.7594597450557347,0.5828310842859015
tsfresh,0 days 00:00:26.638362,120,4.504788590271459,66.87225459210187,74.66733938782374,0.9938361598092297,0.7906022324089085,0.5986000367767544
