,runtime,num_features,features_per_second,normalized_runtime,normalized_runtime_per_feature,rsquared,rmse,mae
getML: FastProp,0 days 00:00:00.434939,134,308.07147258163894,1.0,1.0,0.9950584802720546,0.7236738045405348,0.5515934724757293
featuretools,0 days 00:14:36.193549,158,0.1803254477616112,2014.5205396618837,1708.4192852741837,0.9948315985902971,0.7484233883213018,0.571029394526552
tsfresh,0 days 00:00:31.641862,120,3.7924469626292274,72.75011438385613,81.23290203327171,0.9938361598092297,0.7906022324089085,0.5986000367767544
