,runtime,num_features,features_per_second,normalized_runtime,normalized_runtime_per_feature,rsquared,rmse,mae
getML: FastProp,0 days 00:00:00.278417,134,481.23195380173246,1.0,1.0,0.9950588372738192,0.7236222637718679,0.5515208330459932
featuretools,0 days 00:16:25.821720,158,0.1602723861256683,3540.8100798442624,3002.588065447546,0.9947913268168053,0.7480833930239688,0.5718029095391902
tsfresh,0 days 00:00:34.619104,120,3.466288610122256,124.34263712345151,138.8320500481232,0.9938361598092297,0.7906022324089085,0.5986000367767544
