{"accuracy_":[0.8378456367270775],"accuracy_curves_":[[0.4599121731633226,0.5454567712532375,0.5776686889107688,0.5969409258718413,0.6108214834725703,0.6230074133405152,0.6335914040926397,0.6425017532139341,0.6516709309259943,0.6595844402044746,0.6669488131484924,0.6728913776851281,0.6789073935786025,0.6837971553338802,0.6875991374712097,0.6917159111378489,0.6957399961875248,0.6995804528451033,0.7024503022873102,0.7052991656275631,0.7083036758906415,0.7115705124281445,0.7141553006521432,0.7166683863611324,0.7190153320963192,0.7212748357400312,0.7230586544061195,0.7249806315767383,0.7274062751942526,0.7292950243701108,0.7310053916793603,0.7324534327141851,0.7340693625646416,0.7353984823550603,0.7368115465532951,0.7385848721684065,0.7400504016215261,0.7414179959321939,0.7425949664834464,0.7436757507340763,0.7447530373010474,0.7458722960719264,0.7469355919042614,0.7481492881339333,0.7491146488238164,0.7499925674222246,0.7508722348624624,0.7520474565718853,0.7529043890683395,0.753990419844458,0.755022236523862,0.7558564340765328,0.7566958781546921,0.7574741127688188,0.7581631564496413,0.7589763679003579,0.760057152150988,0.76067799100046,0.7614597232982457,0.7621032970915012,0.7629952064245453,0.7639850509000414,0.7646950806828178,0.7657373904131989,0.7667429744651605,0.7675456928649003,0.7682137504437686,0.7685547746005208,0.7688800591808075,0.7693225161636706,0.7699486015386311,0.7703823143123466,0.7706953569998268,0.8340436545897479,0.8343094785478317,0.8344039160066246,0.8346837306993443,0.8353570348037013,0.835601872659831,0.8358694454597443,0.8358729431434033,0.8360828041629431,0.836236702243939,0.8364518097889673,0.8366774103849726,0.836819066573162,0.8369030109809779,0.8373349749128639,0.8374783799428829,0.8376725013859572,0.8376392733911967,0.8376392733911967,0.8377197201153536,0.8377826784212156,0.8377826784212156,0.8377774318957271,0.8378456367270775,0.837826399466953,0.837812408732317,0.8377721853702386,0.8376847432787636,0.8376322780238787,0.8376200361310722,0.8374818776265418,0.8375151056213023,0.8374608915245878,0.8374206681625094,0.837324481861887,0.8373017469181034,0.8371530953625961,0.8371198673678356,0.8370114391744068,0.8369082575064664,0.8368505457260929,0.8366721638594841,0.8365829729261797,0.8364762935745802,0.8363783584321284,0.8363136512844369,0.8361440136269755,0.8360093528061041,0.8357487753735089,0.8355878819251951,0.8354549699461532,0.8353098160743048,0.8351699087279449,0.8349757872848705,0.8348201403620452,0.8346487538627544,0.8343934229556477,0.8340628918498724,0.8338950030342406,0.8329541261299704,0.8327757442633615,0.8325973623967527,0.832377008326236,0.8321758915158436,0.8319677793381334,0.8317719090532295,0.8314501221566017,0.8311510702037576,0.8309604464443422,0.8306806317516224,0.8303885751660962,0.8301734676210679,0.8298027131532143,0.829552628771596,0.8291329067325164,0.8288076221522297,0.828468346837307,0.8281150807877483,0.8277635635800191,0.8274435255252209,0.8270780175828557,0.8266478024927991,0.8263347598053189,0.8259622564956358,0.8255040599363072,0.82521550103444,0.8248027743626783,0.8243865500072577,0.8239266046060996,0.8235331151944625,0.8230766674769634,0.8226429547032478,0.8220990648942738,0.8214974633049263,0.8208836198227724,0.8203274881209919,0.8197328818989624,0.819099801156684,0.8184422366287926,0.8177601883152882,0.8170519073743413,0.8162351982399656,0.8154412240493732,0.8143866724261858,0.813493014251312,0.8124699417810555,0.8114731019382414,0.8103748292693164,0.809166379565133,0.8077655572597048,0.8062195810824282,0.8045092137731787,0.802545264398652,0.8005883103914433,0.7982431134980859,0.7957807442021522,0.7929143924436042,0.7894324483610728,0.7851320463023362,0.7792489423879037,0.7715960105420185,0.7594118295159031,0.7461503619228166,0.7311348059747432,0.6683391424029437,0.6274057505417038,0.6274040016998742]],"auc_":[0.9120324539748901],"average_targets_":[],"column_descriptions_":[{"marker_":"[PERIPHERAL]","name_":"genre","table_":"movie_genres"},{"marker_":"[PERIPHERAL]","name_":"rank","table_":"movies"},{"marker_":"[PERIPHERAL]","name_":"year","table_":"movies"},{"marker_":"[PERIPHERAL]","name_":"index","table_":"role"},{"marker_":"[PERIPHERAL]","name_":"words","table_":"role"},{"marker_":"[POPULATION]","name_":"rank","table_":"movies"},{"marker_":"[POPULATION]","name_":"year","table_":"movies"}],"column_importances_":[[0],[0],[0.00023707342299670212],[0],[0.9991299998995242],[0.00044581258287629375],[0.0001871140946027878]],"cross_entropy_":[0.3320574961072847],"feature_correlations_":[],"feature_densities_":[],"feature_importances_":[[0.015490217345496065],[0.08680866124417604],[0.1682017225238542],[0.03601507165079859],[0.022927659411251047],[0.03500427646305097],[0.03188402661989068],[0.007453162589774541],[0.1299654310662181],[0.02813258138336931],[0.05175299000661751],[0.01671777864334887],[0.04842939787414244],[0.07163206299218813],[0.03539818842455669],[0.007548205786353627],[0.016775532437866492],[0.02904814705971161],[0.03109364533339189],[0.01934370310056706],[0.011212766891571873],[0.006111864674400868],[0.004364700040405358],[0.003515269526505786],[0.013574640136383936],[0.006740664382318797],[0.015266918774345684],[0.025714008632847805],[0.017069823736854072],[0.0068068812477420065]],"feature_names_":["feature_1_1","feature_1_2","feature_1_3","feature_1_4","feature_1_5","feature_1_6","feature_1_7","feature_1_8","feature_1_9","feature_1_10","feature_1_11","feature_1_12","feature_1_13","feature_1_14","feature_1_15","feature_1_16","feature_1_17","feature_1_18","feature_1_19","feature_1_20","feature_1_21","feature_1_22","feature_1_23","feature_1_24","feature_1_25","feature_1_26","feature_1_27","feature_1_28","feature_1_29","feature_1_30"],"fpr_":[[1,0.9853827413770996,0.9698093958534261,0.9597997513616573,0.9509691877999966,0.9432229327059768,0.9357191836188586,0.9279562039726387,0.920739559698289,0.9124386069562987,0.9022812289200957,0.8879928864904643,0.88058669729118,0.8734620380539311,0.8657575943404116,0.858398791372361,0.7843062377004856,0.7725600272052716,0.7606465711880565,0.751130300986191,0.7404182253020175,0.7256392960078494,0.7121648817852902,0.6895059009795013,0.6766837442927466,0.6658239350641386,0.6534672784136205,0.6419579990745747,0.6316779743222375,0.621746377740736,0.610577164296426,0.600782151557892,0.5900059650902847,0.5810137308573563,0.5715727211403915,0.5631519091076337,0.5528077735718626,0.5441862669127034,0.5336525864519978,0.5234366724830942,0.5150214353010698,0.5055107399499379,0.49771431119931764,0.4893576099499936,0.48155560634864003,0.47314594401734894,0.46550003623652975,0.4583837392753809,0.45049811291302677,0.4419518667387681,0.43436170746528263,0.4269137068854981,0.4187716373894089,0.4102337534912503,0.40289167507539986,0.39529315352581434,0.38668837141885526,0.37951353852500597,0.372087837348155,0.3647429715069379,0.35635282115321365,0.3483584852015587,0.3397564905199663,0.32749739375728215,0.31908494400062437,0.06662504111452416,0.05774430389626318,0.05088445006884941,0.043818326764300884,0.03753546998779108,0.03263517619315743,0.027453352436488512,0.02357883117679524,0.018711986486561822,0.015846513209608813,0.013296018999091299,0.011392207473644894,0.009976195387368504,0.008677255166492917,0.007782491623786773,0.00692675203621423,0.0061629974857423196,0.0055776381587383,0.005114925547868456,0.004702386593598957,0.004270335661762656,0.0038912458118933865,0.0033309733131895395,0.002876622978419753,0.00228011394994899,0.0019093863761797778,0.001633431264877883,0.0013463264521092447,0.0005073114167368169,0.00034842817083572585,0.00013937126833429034,0.00007804791026720259,0.00006411078343377356,0.000047386231233658716,0.00002787425366685807,0,0]],"history_":[{"accuracy_":[0.8378456367270775],"auc_":[0.9120324539748901],"cross_entropy_":[0.3320574961072847],"date_time_":"2021-01-26 12:31:56","set_used_":"data_train"}],"labels_":[],